L,T,m_avg,m_err,chi,chi_err,e_avg,e_err,cv,cv_err
64,1.00000000e+00,9.99273470e-01,3.95918833e-06,1.58847806e-03,2.13818399e-05,-1.99715540e+00,1.44536727e-05,2.34775596e-02,3.00357500e-04
64,1.04999995e+00,9.98922754e-01,5.81329611e-06,2.24028600e-03,2.57646124e-05,-1.99579837e+00,2.04971381e-05,3.12206158e-02,3.37030691e-04
64,1.10000002e+00,9.98456673e-01,7.72828725e-06,3.16720560e-03,5.89904084e-05,-1.99400599e+00,3.06541599e-05,4.13836918e-02,7.78863799e-04
64,1.14999998e+00,9.97802702e-01,7.54218119e-06,4.45155789e-03,5.74338445e-05,-1.99152669e+00,3.01550623e-05,5.40759506e-02,6.38091505e-04
64,1.20000005e+00,9.97037109e-01,9.29873452e-06,5.74951366e-03,6.64055384e-05,-1.98863509e+00,3.59381674e-05,6.58313393e-02,7.70346523e-04
64,1.25000000e+00,9.96011621e-01,1.02076812e-05,7.93084891e-03,8.39326792e-05,-1.98481094e+00,3.50623012e-05,8.46554770e-02,8.94711064e-04
64,1.29999995e+00,9.94760579e-01,1.82544741e-05,1.00055957e-02,8.75823541e-05,-1.98021374e+00,6.32843894e-05,9.95459366e-02,7.65978780e-04
64,1.35000002e+00,9.93284570e-01,1.91132130e-05,1.27967586e-02,1.49228284e-04,-1.97485833e+00,6.92193832e-05,1.18292280e-01,1.17746929e-03
64,1.39999998e+00,9.91438509e-01,2.15913073e-05,1.66442888e-02,2.14892645e-04,-1.96823203e+00,7.51752594e-05,1.43443460e-01,1.75996568e-03
64,1.45000005e+00,9.89147428e-01,2.34421325e-05,2.15265709e-02,2.75387763e-04,-1.96024453e+00,8.45947820e-05,1.69671838e-01,1.97970775e-03
64,1.50000000e+00,9.86489876e-01,1.46847399e-05,2.65642982e-02,3.38757276e-04,-1.95105872e+00,5.50658009e-05,1.94305698e-01,2.46252318e-03
64,1.54999995e+00,9.83351009e-01,2.71849408e-05,3.41930475e-02,4.34275012e-04,-1.94053171e+00,9.25528430e-05,2.29255599e-01,2.36634200e-03
64,1.60000002e+00,9.79651693e-01,2.85001499e-05,4.30942698e-02,6.57318320e-04,-1.92830951e+00,8.64151549e-05,2.63674669e-01,3.72942340e-03
64,1.65000010e+00,9.75222103e-01,4.58676264e-05,5.47346564e-02,6.54757546e-04,-1.91414609e+00,1.22773437e-04,2.98920214e-01,3.02868440e-03
64,1.70000005e+00,9.70142318e-01,4.13525724e-05,6.87060825e-02,6.70513734e-04,-1.89836608e+00,1.26824884e-04,3.41832805e-01,3.51980747e-03
64,1.75000000e+00,9.64025716e-01,4.07667420e-05,8.86972650e-02,1.16065581e-03,-1.87994336e+00,9.97527142e-05,3.93713495e-01,4.24165303e-03
64,1.79999995e+00,9.56721354e-01,5.07079271e-05,1.12226544e-01,1.48436617e-03,-1.85896771e+00,1.22908200e-04,4.34117884e-01,5.20781089e-03
64,1.85000002e+00,9.48426725e-01,5.48251011e-05,1.49726838e-01,1.62329202e-03,-1.83603301e+00,1.41469278e-04,5.02621406e-01,5.44549043e-03
64,1.90000010e+00,9.38354069e-01,6.00307525e-05,1.98342990e-01,3.47731260e-03,-1.80965586e+00,1.10491220e-04,5.59527774e-01,8.41931724e-03
64,1.95000005e+00,9.26142904e-01,9.04632021e-05,2.68424345e-01,3.09259328e-03,-1.77958626e+00,1.68737282e-04,6.24888225e-01,9.93585196e-03
64,2.00000000e+00,9.11312500e-01,1.09820454e-04,3.78278805e-01,5.66523591e-03,-1.74535592e+00,1.71373852e-04,7.10232391e-01,7.30152379e-03
64,2.05000019e+00,8.92895605e-01,1.59942330e-04,5.71187505e-01,9.26076117e-03,-1.70670788e+00,2.79723488e-04,8.28708197e-01,9.96169611e-03
64,2.09999990e+00,8.68826790e-01,2.51126344e-04,9.48822939e-01,2.41964168e-02,-1.66182155e+00,3.42124279e-04,9.80203737e-01,1.17150655e-02
64,2.10999990e+00,8.63029622e-01,2.33681186e-04,1.08918261e+00,4.86697763e-02,-1.65248320e+00,2.69066553e-04,9.83249667e-01,1.44110154e-02
64,2.11999989e+00,8.56969108e-01,2.87568562e-04,1.22461688e+00,3.97579765e-02,-1.64244473e+00,3.10780000e-04,1.03604810e+00,1.21134265e-02
64,2.12999988e+00,8.50534082e-01,2.78280536e-04,1.31455994e+00,2.44727674e-02,-1.63206178e+00,3.28670007e-04,1.04518600e+00,1.46127377e-02
64,2.13999987e+00,8.42827832e-01,5.56247525e-04,1.68175547e+00,1.30427498e-01,-1.62062721e+00,4.23711416e-04,1.11193721e+00,1.76959211e-02
64,2.14999986e+00,8.35766113e-01,4.30656715e-04,1.89656396e+00,1.07921808e-01,-1.60978242e+00,3.01119393e-04,1.14849330e+00,1.47904851e-02
64,2.15999985e+00,8.27533398e-01,4.71311404e-04,2.01150224e+00,5.12117771e-02,-1.59750716e+00,3.08875982e-04,1.17545420e+00,6.33855219e-03
64,2.16999984e+00,8.18960156e-01,6.62035271e-04,2.34270631e+00,1.04876821e-01,-1.58628040e+00,4.90345030e-04,1.22096303e+00,9.81276950e-03
64,2.17999983e+00,8.08057910e-01,5.47977331e-04,3.10374367e+00,2.07604544e-01,-1.57322773e+00,2.87239763e-04,1.30182780e+00,8.38887976e-03
64,2.18999982e+00,7.96048112e-01,8.59793515e-04,3.98370109e+00,2.58409304e-01,-1.55940319e+00,4.36724805e-04,1.37081634e+00,1.55652642e-02
64,2.19999981e+00,7.85515039e-01,1.92318751e-03,5.87240441e+00,1.93411270e+00,-1.54660456e+00,4.68867584e-04,1.41539074e+00,3.70318409e-02
64,2.20999980e+00,7.72857324e-01,1.20184858e-03,5.38066647e+00,4.05253992e-01,-1.53262689e+00,5.69187567e-04,1.46474861e+00,2.44439055e-02
64,2.21999979e+00,7.52320671e-01,1.85127516e-03,8.85070401e+00,7.85107110e-01,-1.51636191e+00,6.67889490e-04,1.59821566e+00,2.91770036e-02
64,2.23000002e+00,7.29205762e-01,4.72318018e-03,1.62907317e+01,3.77696762e+00,-1.49966172e+00,1.17123172e-03,1.72637776e+00,5.02449165e-02
64,2.24000001e+00,7.03946615e-01,3.95415664e-03,2.13130612e+01,2.88358597e+00,-1.48177988e+00,9.72862643e-04,1.84424138e+00,4.40606325e-02
64,2.25000000e+00,6.79881413e-01,4.72192612e-03,2.27021807e+01,3.20967048e+00,-1.46345618e+00,9.89554361e-04,1.90999165e+00,5.78805465e-02
64,2.25999999e+00,6.52528711e-01,5.71838658e-03,2.70898279e+01,3.26159483e+00,-1.44583932e+00,1.28950938e-03,1.97255148e+00,3.96494253e-02
64,2.26999998e+00,5.90774772e-01,7.75878000e-03,4.85486324e+01,3.99923649e+00,-1.42149069e+00,1.65343601e-03,2.18353522e+00,4.03352512e-02
64,2.27999997e+00,5.37766406e-01,6.50948234e-03,6.21101999e+01,2.68965432e+00,-1.39891328e+00,1.30135146e-03,2.28178323e+00,2.88760531e-02
64,2.28999996e+00,4.81076660e-01,8.87922629e-03,6.69450593e+01,2.92163116e+00,-1.37598717e+00,1.44592058e-03,2.23549520e+00,3.50548212e-02
64,2.29999995e+00,4.43506901e-01,8.71799973e-03,6.50373224e+01,2.76680937e+00,-1.35737715e+00,1.35350157e-03,2.07074355e+00,3.15764171e-02
64,2.30999994e+00,3.82942904e-01,7.05818372e-03,6.81898771e+01,1.53349028e+00,-1.33579447e+00,1.04745829e-03,1.98013299e+00,2.58624912e-02
64,2.31999993e+00,3.32783171e-01,7.23912980e-03,5.84351182e+01,1.19992349e+00,-1.31532038e+00,1.07017652e-03,1.74450738e+00,2.73453764e-02
64,2.32999992e+00,3.01771582e-01,7.92695855e-03,5.54128207e+01,1.33822364e+00,-1.29932038e+00,9.80539110e-04,1.67367641e+00,3.72949719e-02
64,2.33999991e+00,2.72046289e-01,5.56012254e-03,4.92427168e+01,1.22452389e+00,-1.28263978e+00,6.89378721e-04,1.54557367e+00,3.20624907e-02
64,2.34999990e+00,2.34936003e-01,4.48133034e-03,4.05985844e+01,1.15571653e+00,-1.26697526e+00,6.87344680e-04,1.41478764e+00,2.83610001e-02
64,2.35999990e+00,2.18799154e-01,5.15249655e-03,3.65869853e+01,1.32458635e+00,-1.25398574e+00,6.05034026e-04,1.34636363e+00,2.23848422e-02
64,2.36999989e+00,2.02173242e-01,3.84563727e-03,3.33056896e+01,9.92801992e-01,-1.24080013e+00,6.28034980e-04,1.28361039e+00,1.93981764e-02
64,2.37999988e+00,1.81907096e-01,3.34748523e-03,2.73849228e+01,8.89624262e-01,-1.22785716e+00,6.42410042e-04,1.21786901e+00,1.75678138e-02
64,2.38999987e+00,1.67306999e-01,2.46408298e-03,2.45222373e+01,6.24883331e-01,-1.21594206e+00,3.82186919e-04,1.18103111e+00,1.05898811e-02
64,2.39999986e+00,1.59015137e-01,1.87001001e-03,2.21213224e+01,5.20138459e-01,-1.20410234e+00,4.59742505e-04,1.12066904e+00,1.17158918e-02
64,2.45000005e+00,1.20918783e-01,1.15716130e-03,1.33432443e+01,2.25741325e-01,-1.15196536e+00,4.56140215e-04,9.63677754e-01,1.07069493e-02
64,2.50000000e+00,9.87472331e-02,9.45847532e-04,8.96952237e+00,1.74972910e-01,-1.10576178e+00,3.06612778e-04,8.73110347e-01,1.11073779e-02
64,2.54999995e+00,8.49086589e-02,9.12362896e-04,6.44079876e+00,1.26434788e-01,-1.06503639e+00,3.31767134e-04,7.65832619e-01,6.74953636e-03
64,2.60000014e+00,7.45597005e-02,4.65716094e-04,4.88294634e+00,6.08818079e-02,-1.02811445e+00,3.29351075e-04,6.99105864e-01,6.04974787e-03
64,2.65000010e+00,6.77977539e-02,4.78262410e-04,3.99551561e+00,5.05580332e-02,-9.94564714e-01,2.00002956e-04,6.50530603e-01,8.32560538e-03
64,2.70000005e+00,6.15545247e-02,3.58332232e-04,3.20988051e+00,3.41142846e-02,-9.63552018e-01,2.92594690e-04,5.97979886e-01,4.94971249e-03
64,2.75000000e+00,5.67494466e-02,3.06502406e-04,2.67008683e+00,3.55041355e-02,-9.34917578e-01,3.15407210e-04,5.53334110e-01,6.65255475e-03
64,2.79999995e+00,5.27341797e-02,2.44627409e-04,2.32751854e+00,1.71602723e-02,-9.07921289e-01,1.57283146e-04,5.09958737e-01,5.69502938e-03
64,2.85000014e+00,4.95112305e-02,3.60442206e-04,2.04475872e+00,2.86989439e-02,-8.83368685e-01,1.66584907e-04,4.81551529e-01,6.38741840e-03
64,2.90000010e+00,4.61243164e-02,3.12218911e-04,1.75152775e+00,1.99977548e-02,-8.59610026e-01,2.19807145e-04,4.46621621e-01,6.00708748e-03
64,2.95000005e+00,4.42451823e-02,2.10311717e-04,1.53833774e+00,2.35984757e-02,-8.38066927e-01,2.21427720e-04,4.23156629e-01,4.53418570e-03
64,3.00000000e+00,4.21359375e-02,2.94358005e-04,1.37650195e+00,1.38946238e-02,-8.17455599e-01,2.52544641e-04,4.02627644e-01,3.49931300e-03
64,3.05000019e+00,4.00682943e-02,2.90459713e-04,1.25489370e+00,1.90224662e-02,-7.97460091e-01,2.07504615e-04,3.81480398e-01,2.90426259e-03
64,3.10000014e+00,3.91649414e-02,2.01697296e-04,1.16716692e+00,1.52113293e-02,-7.79223112e-01,2.26530037e-04,3.62122660e-01,4.00314683e-03
64,3.15000010e+00,3.76825846e-02,2.63865125e-04,1.03373937e+00,1.64925050e-02,-7.61662565e-01,2.34634059e-04,3.40723731e-01,3.75504211e-03
64,3.20000005e+00,3.67561849e-02,2.50146987e-04,9.83873725e-01,7.72828940e-03,-7.44997721e-01,1.88891629e-04,3.20680038e-01,3.28049716e-03
64,3.25000000e+00,3.50255208e-02,1.44777040e-04,8.74192189e-01,1.19738701e-02,-7.29317578e-01,1.73711659e-04,3.08816004e-01,3.80399300e-03
64,3.30000019e+00,3.42057617e-02,2.32842846e-04,8.43839475e-01,1.04259066e-02,-7.14321615e-01,2.62362791e-04,2.98474673e-01,3.31240639e-03
64,3.35000014e+00,3.30860352e-02,1.23855772e-04,7.55482158e-01,7.45857381e-03,-6.99416211e-01,3.11758740e-04,2.80086458e-01,2.77486698e-03
64,3.40000010e+00,3.22981445e-02,2.01513413e-04,7.06577118e-01,8.36695704e-03,-6.85870443e-01,2.06500722e-04,2.62093741e-01,2.01859212e-03
64,3.45000005e+00,3.18337565e-02,2.27286902e-04,6.98876455e-01,1.05811592e-02,-6.72576758e-01,1.81562525e-04,2.58608912e-01,2.36595389e-03
64,3.50000000e+00,3.09403971e-02,1.59454063e-04,6.44304274e-01,7.38934827e-03,-6.60427148e-01,1.53967453e-04,2.47770404e-01,3.47139183e-03
64,3.55000019e+00,3.03645182e-02,1.64112805e-04,5.95051921e-01,9.12335457e-03,-6.48016667e-01,2.03296149e-04,2.35763250e-01,2.28661225e-03
64,3.59999990e+00,2.93942383e-02,1.54128417e-04,5.59025623e-01,4.88680076e-03,-6.36542773e-01,2.40336036e-04,2.30902193e-01,2.86632392e-03
64,3.65000010e+00,2.91663737e-02,1.61880312e-04,5.40358525e-01,8.03580638e-03,-6.25291406e-01,2.68703956e-04,2.21096931e-01,2.31125700e-03
64,3.70000005e+00,2.83944336e-02,1.31858555e-04,5.06517998e-01,7.34089305e-03,-6.14717904e-01,1.71040748e-04,2.14097180e-01,1.87794906e-03
64,3.75000000e+00,2.76574544e-02,1.58809254e-04,4.83072441e-01,5.83849827e-03,-6.04081185e-01,2.35134762e-04,2.06590369e-01,1.85920569e-03
64,3.80000019e+00,2.72940430e-02,1.64645124e-04,4.54586210e-01,5.82885685e-03,-5.94421484e-01,1.70761039e-04,1.97255335e-01,2.00787762e-03
64,3.84999990e+00,2.67726888e-02,1.51666468e-04,4.37822484e-01,6.11923175e-03,-5.84424740e-01,1.60899030e-04,1.91336941e-01,2.56493320e-03
64,3.90000010e+00,2.66123047e-02,1.79911109e-04,4.22318761e-01,6.10229951e-03,-5.75029232e-01,2.21595695e-04,1.87480300e-01,1.56322749e-03
64,3.95000005e+00,2.64970703e-02,1.53143559e-04,4.16011000e-01,4.88472058e-03,-5.66041341e-01,2.68423566e-04,1.75063380e-01,1.56112574e-03
64,4.00000000e+00,2.57458008e-02,1.63680581e-04,3.88752000e-01,3.71158765e-03,-5.57045573e-01,1.40999563e-04,1.72112440e-01,1.72734268e-03
128,1.00000000e+00,9.99277987e-01,2.11408392e-06,1.52933690e-03,1.32454758e-05,-1.99716895e+00,8.67735103e-06,2.27081723e-02,2.07888548e-04
128,1.04999995e+00,9.98915885e-01,3.89765026e-06,2.25723032e-03,2.39347449e-05,-1.99577108e+00,1.52566808e-05,3.14418192e-02,3.60310653e-04
128,1.10000002e+00,9.98452482e-01,3.94306237e-06,3.13491182e-03,4.17138408e-05,-1.99399072e+00,1.46017806e-05,4.10637364e-02,5.40114169e-04
128,1.14999998e+00,9.97814323e-01,5.82999751e-06,4.46554584e-03,6.91646597e-05,-1.99156655e+00,2.13235606e-05,5.43384422e-02,7.84007662e-04
128,1.20000005e+00,9.97032406e-01,3.62224926e-06,5.81059303e-03,4.77014511e-05,-1.98862010e+00,1.35361195e-05,6.64575124e-02,5.45615616e-04
128,1.25000000e+00,9.96021094e-01,7.04250802e-06,7.82384331e-03,7.61650269e-05,-1.98485864e+00,2.64026493e-05,8.36058384e-02,7.15282854e-04
128,1.29999995e+00,9.94778597e-01,9.45557916e-06,1.01231479e-02,9.79936770e-05,-1.98028381e+00,3.58688727e-05,1.00124071e-01,9.63231713e-04
128,1.35000002e+00,9.93247583e-01,8.97113516e-06,1.28992792e-02,1.69880656e-04,-1.97473522e+00,2.81323179e-05,1.18731809e-01,1.51470896e-03
128,1.39999998e+00,9.91402938e-01,8.57885315e-06,1.67122060e-02,2.05854402e-04,-1.96812892e+00,2.78811724e-05,1.42465480e-01,1.84438797e-03
128,1.45000005e+00,9.89158203e-01,1.57400562e-05,2.14771822e-02,2.39369601e-04,-1.96026330e+00,5.45933174e-05,1.69182611e-01,1.60027823e-03
128,1.50000000e+00,9.86489355e-01,8.99189127e-06,2.63860401e-02,2.77707913e-04,-1.95108271e+00,2.96769615e-05,1.93334167e-01,1.68655259e-03
128,1.54999995e+00,9.83338477e-01,1.39899717e-05,3.40504838e-02,3.76193223e-04,-1.94047020e+00,4.23823771e-05,2.25414711e-01,2.62395943e-03
128,1.60000002e+00,9.79627140e-01,1.37886358e-05,4.34652208e-02,5.68768620e-04,-1.92827619e+00,3.75033732e-05,2.63785659e-01,3.19107742e-03
128,1.65000010e+00,9.75229093e-01,1.72088895e-05,5.40382804e-02,5.41183069e-04,-1.91417441e+00,5.27357146e-05,2.97262982e-01,3.43128465e-03
128,1.70000005e+00,9.70074764e-01,2.01013656e-05,6.82706910e-02,9.07410977e-04,-1.89816177e+00,5.73218104e-05,3.38458936e-01,4.84971024e-03
128,1.75000000e+00,9.63998039e-01,2.27389277e-05,8.74835943e-02,1.28670052e-03,-1.87991841e+00,7.09558376e-05,3.87987939e-01,4.90176642e-03
128,1.79999995e+00,9.56821444e-01,2.34520498e-05,1.13929181e-01,1.15116706e-03,-1.85919468e+00,7.76779198e-05,4.35642002e-01,4.73410998e-03
128,1.85000002e+00,9.48414111e-01,1.65363893e-05,1.49582655e-01,1.94800476e-03,-1.83601042e+00,4.97582723e-05,4.98429076e-01,4.69930133e-03
128,1.90000010e+00,9.38327604e-01,5.03582525e-05,1.93843489e-01,2.02599687e-03,-1.80954723e+00,9.45558286e-05,5.57995052e-01,4.71172968e-03
128,1.95000005e+00,9.26229110e-01,4.11480318e-05,2.67646097e-01,2.69552855e-03,-1.77971706e+00,9.57365659e-05,6.30461089e-01,5.75353121e-03
128,2.00000000e+00,9.11261507e-01,5.33487899e-05,3.95334369e-01,5.80966283e-03,-1.74540721e+00,1.07636033e-04,7.30171539e-01,8.61236637e-03
128,2.05000019e+00,8.92763078e-01,9.09825626e-05,5.71512424e-01,7.56945588e-03,-1.70680501e+00,1.44718493e-04,8.16007193e-01,1.06560121e-02
128,2.09999990e+00,8.68674927e-01,9.70885033e-05,9.42747401e-01,1.77777571e-02,-1.66190762e+00,1.15202747e-04,9.54570858e-01,6.94158506e-03
128,2.10999990e+00,8.63156812e-01,1.17940002e-04,1.05080472e+00,1.50879704e-02,-1.65244902e+00,1.47461689e-04,9.97258570e-01,7.43134700e-03
128,2.11999989e+00,8.56903874e-01,1.29546649e-04,1.19989157e+00,2.10616867e-02,-1.64211652e+00,1.37479254e-04,1.03003052e+00,1.04605018e-02
128,2.12999988e+00,8.50486296e-01,1.43306792e-04,1.35365966e+00,2.51264829e-02,-1.63188145e+00,2.02874881e-04,1.05389502e+00,1.05406071e-02
128,2.13999987e+00,8.43433154e-01,1.78673213e-04,1.55598076e+00,2.97723813e-02,-1.62092803e+00,1.12798824e-04,1.09333933e+00,1.58838795e-02
128,2.14999986e+00,8.35818270e-01,1.41428148e-04,1.76763314e+00,2.25152690e-02,-1.60967459e+00,1.14383275e-04,1.16201344e+00,9.61238811e-03
128,2.15999985e+00,8.27597559e-01,2.25885013e-04,2.15705102e+00,6.99349442e-02,-1.59815234e+00,1.77092583e-04,1.19913408e+00,1.41846566e-02
128,2.16999984e+00,8.18368896e-01,2.38156076e-04,2.50096645e+00,5.00471883e-02,-1.58600698e+00,1.51943470e-04,1.21543280e+00,1.24295894e-02
128,2.17999983e+00,8.08274365e-01,4.37088989e-04,3.34423065e+00,2.47902745e-01,-1.57372568e+00,2.16846724e-04,1.30558221e+00,1.16503554e-02
128,2.18999982e+00,7.97564998e-01,4.29995546e-04,3.77349753e+00,1.84879449e-01,-1.56046842e+00,2.39367981e-04,1.34047850e+00,1.53502146e-02
128,2.19999981e+00,7.84914038e-01,4.96325328e-04,4.81180108e+00,2.49097690e-01,-1.54660882e+00,2.75557244e-04,1.40938707e+00,1.76609952e-02
128,2.20999980e+00,7.70086857e-01,7.00229096e-04,6.10800220e+00,2.84050910e-01,-1.53198983e+00,2.41983000e-04,1.47710820e+00,2.01472965e-02
128,2.21999979e+00,7.51937345e-01,1.96782398e-03,9.69106483e+00,2.10533828e+00,-1.51605602e+00,5.37678709e-04,1.60019878e+00,3.64084328e-02
128,2.23000002e+00,7.34236442e-01,1.61188819e-03,1.11342193e+01,1.00428948e+00,-1.49994902e+00,4.32645050e-04,1.64793156e+00,3.34674267e-02
128,2.24000001e+00,7.10005176e-01,2.23621175e-03,1.80972333e+01,2.75855745e+00,-1.48329771e+00,4.53705468e-04,1.78431499e+00,4.47826470e-02
128,2.25000000e+00,6.75637866e-01,2.93665000e-03,2.84983938e+01,3.67929262e+00,-1.46307803e+00,5.39635611e-04,1.89981733e+00,3.89936564e-02
128,2.25999999e+00,6.30278312e-01,8.98090348e-03,5.98739470e+01,1.34139921e+01,-1.44272183e+00,1.30047931e-03,2.14672207e+00,5.11837119e-02
128,2.26999998e+00,5.70039925e-01,1.18999796e-02,1.01924971e+02,2.09843163e+01,-1.42004186e+00,1.10272336e-03,2.32463324e+00,5.77920937e-02
128,2.27999997e+00,4.37204712e-01,1.80429330e-02,2.13014215e+02,2.01753429e+01,-1.39117007e+00,1.61507853e-03,2.57489764e+00,6.84714275e-02
128,2.28999996e+00,3.31072852e-01,1.52548237e-02,2.02133085e+02,1.13945216e+01,-1.36538545e+00,1.33435816e-03,2.22233932e+00,6.95564074e-02
128,2.29999995e+00,2.69878792e-01,1.25985129e-02,1.57714471e+02,1.08595954e+01,-1.34455039e+00,1.01147519e-03,1.91902329e+00,5.16198256e-02
128,2.30999994e+00,2.31681242e-01,1.28130257e-02,1.42240280e+02,7.89737912e+00,-1.32774460e+00,8.79435613e-04,1.82679638e+00,3.30038027e-02
128,2.31999993e+00,1.87556445e-01,5.88044911e-03,1.16081365e+02,3.52308998e+00,-1.31048617e+00,5.12104679e-04,1.64519924e+00,2.79129860e-02
128,2.32999992e+00,1.50309953e-01,4.60928533e-03,8.17690097e+01,4.96158106e+00,-1.29369880e+00,3.84751627e-04,1.49566942e+00,3.21242764e-02
128,2.33999991e+00,1.27780811e-01,4.20708300e-03,6.34662852e+01,3.70853316e+00,-1.27889395e+00,4.73056393e-04,1.46294465e+00,2.55391741e-02
128,2.34999990e+00,1.20861719e-01,3.04923996e-03,5.37652278e+01,2.77862087e+00,-1.26490166e+00,3.48160516e-04,1.34430559e+00,2.57811791e-02
128,2.35999990e+00,1.09565137e-01,1.76479245e-03,4.51473713e+01,1.77321085e+00,-1.25246618e+00,2.58436112e-04,1.28956767e+00,1.62276529e-02
128,2.36999989e+00,9.54698486e-02,2.75235607e-03,3.49463029e+01,2.07302296e+00,-1.23952267e+00,3.21710066e-04,1.25129772e+00,2.15256585e-02
128,2.37999988e+00,9.27972575e-02,1.86699994e-03,3.21528843e+01,1.06930677e+00,-1.22746880e+00,2.04239448e-04,1.20270938e+00,1.51833747e-02
128,2.38999987e+00,8.41362386e-02,1.25677794e-03,2.66862393e+01,9.49021017e-01,-1.21526945e+00,1.96953717e-04,1.16348353e+00,1.23222853e-02
128,2.39999986e+00,8.09120605e-02,1.32303395e-03,2.53819038e+01,7.91376480e-01,-1.20438771e+00,2.30876408e-04,1.11221516e+00,1.40641397e-02
128,2.45000005e+00,6.05046143e-02,4.53540247e-04,1.36750933e+01,3.01370615e-01,-1.15195361e+00,1.60849240e-04,9.64906280e-01,1.23135321e-02
128,2.50000000e+00,4.92104329e-02,2.87285756e-04,9.19498044e+00,1.42544090e-01,-1.10598516e+00,2.55444552e-04,8.64589721e-01,1.10038620e-02
128,2.54999995e+00,4.28134277e-02,2.38386385e-04,6.74852326e+00,1.12116540e-01,-1.06517334e+00,1.57563713e-04,7.76044101e-01,8.33858443e-03
128,2.60000014e+00,3.71096029e-02,3.57712777e-04,4.86620292e+00,9.50512187e-02,-1.02857624e+00,1.11421909e-04,7.05004012e-01,8.90659450e-03
128,2.65000010e+00,3.37262858e-02,2.23266145e-04,3.92015239e+00,6.00975942e-02,-9.94633724e-01,1.36175443e-04,6.50508269e-01,6.73904336e-03
128,2.70000005e+00,3.08680257e-02,2.50515897e-04,3.35047558e+00,5.30103679e-02,-9.63599495e-01,1.07254683e-04,5.92499916e-01,7.74245165e-03
128,2.75000000e+00,2.85953451e-02,1.69515936e-04,2.72416715e+00,2.05736657e-02,-9.34768815e-01,1.16127262e-04,5.59677080e-01,5.28485560e-03
128,2.79999995e+00,2.66201823e-02,1.23790326e-04,2.32080717e+00,2.75400093e-02,-9.08242790e-01,1.18913148e-04,5.10545573e-01,5.57365811e-03
128,2.85000014e+00,2.46687500e-02,1.53184706e-04,1.98160331e+00,2.18933315e-02,-8.83111702e-01,9.82751381e-05,4.77753382e-01,6.95542403e-03
128,2.90000010e+00,2.33274333e-02,1.50705865e-04,1.73727650e+00,2.11824328e-02,-8.59740999e-01,1.33152603e-04,4.49510961e-01,6.18291301e-03
128,2.95000005e+00,2.24589030e-02,1.32735665e-04,1.59126052e+00,2.38001124e-02,-8.37988249e-01,1.81868322e-04,4.30563982e-01,4.49471478e-03
128,3.00000000e+00,2.11237305e-02,1.11913034e-04,1.41947627e+00,1.51639454e-02,-8.17599854e-01,1.30489396e-04,4.02490839e-01,5.12965281e-03
128,3.05000019e+00,2.04666911e-02,1.40696304e-04,1.27547221e+00,1.39197173e-02,-7.97852051e-01,1.08594467e-04,3.79623722e-01,4.36248700e-03
128,3.10000014e+00,1.96278402e-02,1.25716987e-04,1.15327825e+00,1.44561376e-02,-7.79248193e-01,9.30405563e-05,3.56933996e-01,3.52584905e-03
128,3.15000010e+00,1.89862142e-02,1.19367567e-04,1.06482838e+00,1.45277795e-02,-7.61926156e-01,9.62668822e-05,3.47386065e-01,4.46344566e-03
128,3.20000005e+00,1.81869141e-02,1.12519229e-04,9.57699109e-01,1.06064288e-02,-7.45099300e-01,1.15475618e-04,3.27084010e-01,3.12452541e-03
128,3.25000000e+00,1.76635498e-02,9.40972961e-05,9.15224498e-01,1.19452404e-02,-7.29247998e-01,1.44256757e-04,3.10309319e-01,3.13601575e-03
128,3.30000019e+00,1.70558431e-02,9.40644127e-05,8.34410425e-01,1.08931356e-02,-7.14158008e-01,1.41232084e-04,2.92571779e-01,1.83376308e-03
128,3.35000014e+00,1.66533447e-02,1.05853741e-04,7.56559124e-01,1.12768844e-02,-6.99880941e-01,1.20622589e-04,2.82434840e-01,4.02675522e-03
128,3.40000010e+00,1.60712809e-02,8.93485552e-05,7.04058792e-01,8.62250474e-03,-6.86028906e-01,9.89560948e-05,2.70500540e-01,2.60381342e-03
128,3.45000005e+00,1.57334147e-02,6.28643930e-05,6.83466411e-01,5.38309140e-03,-6.72676758e-01,7.52035664e-05,2.60200992e-01,3.10089576e-03
128,3.50000000e+00,1.53431803e-02,1.11560621e-04,6.40618694e-01,8.99082095e-03,-6.59964583e-01,1.05674558e-04,2.48040139e-01,2.73948521e-03
128,3.55000019e+00,1.51181641e-02,9.84461066e-05,6.03237197e-01,7.53111551e-03,-6.47943831e-01,1.00879590e-04,2.40411743e-01,2.12673020e-03
128,3.59999990e+00,1.46770345e-02,4.42392401e-05,5.60327278e-01,5.57862727e-03,-6.36405273e-01,1.34085599e-04,2.29651393e-01,2.16145964e-03
128,3.65000010e+00,1.46167643e-02,9.51435745e-05,5.40858839e-01,9.68972908e-03,-6.25287728e-01,9.71754573e-05,2.15557500e-01,1.70301246e-03
128,3.70000005e+00,1.42735921e-02,7.90475229e-05,5.13067352e-01,8.09154076e-03,-6.14229281e-01,1.00141324e-04,2.12909788e-01,2.21602631e-03
128,3.75000000e+00,1.39900228e-02,7.40758039e-05,4.77347276e-01,5.24126697e-03,-6.03942773e-01,9.94571010e-05,2.01335257e-01,2.19763032e-03
128,3.80000019e+00,1.36142904e-02,1.10024791e-04,4.52286203e-01,6.78970559e-03,-5.94075016e-01,9.43784053e-05,1.98851744e-01,2.38520611e-03
128,3.84999990e+00,1.35847982e-02,7.56088627e-05,4.51060947e-01,5.44946267e-03,-5.84222738e-01,1.04218685e-04,1.91425364e-01,2.19589895e-03
128,3.90000010e+00,1.34196289e-02,7.96745812e-05,4.26410445e-01,6.28042669e-03,-5.74923161e-01,7.24683457e-05,1.84955729e-01,1.82468596e-03
128,3.95000005e+00,1.29796549e-02,8.12977949e-05,3.98133992e-01,5.88165163e-03,-5.66193424e-01,1.22931570e-04,1.77748473e-01,2.50514005e-03
128,4.00000000e+00,1.29296143e-02,6.05048509e-05,3.88531546e-01,5.13682073e-03,-5.57267529e-01,7.51691332e-05,1.73415892e-01,1.90016359e-03
256,1.00000000e+00,9.99276687e-01,1.44818794e-06,1.52935419e-03,1.90700732e-05,-1.99716351e+00,5.53320868e-06,2.27861003e-02,2.70773034e-04
256,1.04999995e+00,9.98921958e-01,1.20003237e-06,2.25505384e-03,2.08307189e-05,-1.99579312e+00,4.70132305e-06,3.13742179e-02,3.12782691e-04
256,1.10000002e+00,9.98448745e-01,2.60873331e-06,3.19163230e-03,3.37012628e-05,-1.99397698e+00,1.01074742e-05,4.17274585e-02,3.95246160e-04
256,1.14999998e+00,9.97818738e-01,2.64856980e-06,4.35630503e-03,5.33945093e-05,-1.99158234e+00,9.91110125e-06,5.31542609e-02,6.77071820e-04
256,1.20000005e+00,9.97026211e-01,2.99172495e-06,5.91506765e-03,6.31566987e-05,-1.98859749e+00,1.12521706e-05,6.71932937e-02,7.08582223e-04
256,1.25000000e+00,9.96018809e-01,2.65457540e-06,7.79352890e-03,8.47480082e-05,-1.98484786e+00,1.05851274e-05,8.28367042e-02,8.53706889e-04
256,1.29999995e+00,9.94772595e-01,3.15153512e-06,9.96973635e-03,1.56229607e-04,-1.98026297e+00,1.17590324e-05,9.86178431e-02,1.48785564e-03
256,1.35000002e+00,9.93241156e-01,5.00768888e-06,1.29659808e-02,1.05594092e-04,-1.97470649e+00,1.71377529e-05,1.20451940e-01,9.91439735e-04
256,1.39999998e+00,9.91389237e-01,5.17862268e-06,1.69281794e-02,1.54636363e-04,-1.96808809e+00,1.89229368e-05,1.45352759e-01,1.26925737e-03
256,1.45000005e+00,9.89152397e-01,5.30943380e-06,2.13363581e-02,2.78221994e-04,-1.96024064e+00,1.87811578e-05,1.69649428e-01,2.07210013e-03
256,1.50000000e+00,9.86496171e-01,8.30200826e-06,2.71378744e-02,2.50794840e-04,-1.95110458e+00,2.46572500e-05,1.96446255e-01,1.91388348e-03
256,1.54999995e+00,9.83344708e-01,6.15067819e-06,3.48706267e-02,4.07660256e-04,-1.94048540e+00,1.81404552e-05,2.31526037e-01,2.86776524e-03
256,1.60000002e+00,9.79624648e-01,7.21265665e-06,4.17789810e-02,3.89763116e-04,-1.92824974e+00,2.40028812e-05,2.56874197e-01,2.91520506e-03
256,1.65000010e+00,9.75234015e-01,6.95722274e-06,5.47687810e-02,7.14394541e-04,-1.91420826e+00,2.09109895e-05,2.99939094e-01,3.57237851e-03
256,1.70000005e+00,9.70089648e-01,1.03943438e-05,6.83556213e-02,8.19349738e-04,-1.89819885e+00,2.94904845e-05,3.38050236e-01,3.70444617e-03
256,1.75000000e+00,9.64021381e-01,1.33630149e-05,8.69933370e-02,9.26621135e-04,-1.87997704e+00,3.49291762e-05,3.85912377e-01,4.36708544e-03
256,1.79999995e+00,9.56857756e-01,1.48834093e-05,1.14217518e-01,1.01534472e-03,-1.85927614e+00,4.12870063e-05,4.39236484e-01,4.46380026e-03
256,1.85000002e+00,9.48413180e-01,2.59890134e-05,1.45233415e-01,1.44306761e-03,-1.83600295e+00,5.68386999e-05,4.87719056e-01,5.14572609e-03
256,1.90000010e+00,9.38329240e-01,1.61798441e-05,1.97532704e-01,2.08016165e-03,-1.80956624e+00,3.17481298e-05,5.59717897e-01,6.34924469e-03
256,1.95000005e+00,9.26164612e-01,2.20466693e-05,2.69577896e-01,3.87612180e-03,-1.77957528e+00,4.89568774e-05,6.30037418e-01,7.51416623e-03
256,2.00000000e+00,9.11289807e-01,2.39879004e-05,3.79221998e-01,3.68736560e-03,-1.74548813e+00,4.49425359e-05,7.14805460e-01,6.21024571e-03
256,2.05000019e+00,8.92812915e-01,4.06595766e-05,5.87381479e-01,5.16459266e-03,-1.70682031e+00,6.42489306e-05,8.43861503e-01,7.72091214e-03
256,2.09999990e+00,8.68774211e-01,5.36063231e-05,9.50198416e-01,1.17907820e-02,-1.66201475e+00,5.87732241e-05,9.59239335e-01,1.16507010e-02
256,2.10999990e+00,8.63101542e-01,6.61938194e-05,1.07774389e+00,1.37645075e-02,-1.65245630e+00,6.34200950e-05,9.97484561e-01,9.69537128e-03
256,2.11999989e+00,8.56886477e-01,5.83658608e-05,1.20262753e+00,1.12311585e-02,-1.64219015e+00,6.90196093e-05,1.01189464e+00,1.19957568e-02
256,2.12999988e+00,8.50446098e-01,1.09824553e-04,1.34060474e+00,2.12575783e-02,-1.63180867e+00,9.48606246e-05,1.04329380e+00,1.03146550e-02
256,2.13999987e+00,8.43286155e-01,8.03595722e-05,1.56352146e+00,2.93741989e-02,-1.62090543e+00,7.33158053e-05,1.10102231e+00,1.40902643e-02
256,2.14999986e+00,8.35987195e-01,1.07015886e-04,1.80017786e+00,2.52047134e-02,-1.60988050e+00,9.00156470e-05,1.16301348e+00,1.08401992e-02
256,2.15999985e+00,8.27600411e-01,9.72329016e-05,2.09152118e+00,2.66484920e-02,-1.59814995e+00,7.32474691e-05,1.16545902e+00,1.01339194e-02
256,2.16999984e+00,8.18286043e-01,1.02322064e-04,2.48891486e+00,4.06667198e-02,-1.58592088e+00,7.95185333e-05,1.23345763e+00,1.58269470e-02
256,2.17999983e+00,8.08231413e-01,1.69816126e-04,3.20067742e+00,8.77312766e-02,-1.57337302e+00,8.66867039e-05,1.29540775e+00,1.57299228e-02
256,2.18999982e+00,7.97491125e-01,1.87722774e-04,3.58846609e+00,4.51239834e-02,-1.56035297e+00,1.10228307e-04,1.34680281e+00,1.17220100e-02
256,2.19999981e+00,7.84688959e-01,2.81403770e-04,4.77438888e+00,1.65449317e-01,-1.54641077e+00,1.24824931e-04,1.41736878e+00,2.14271163e-02
256,2.20999980e+00,7.70517008e-01,3.24041008e-04,6.20106114e+00,2.83003954e-01,-1.53201718e+00,1.26625767e-04,1.45508096e+00,1.21294716e-02
256,2.21999979e+00,7.54358073e-01,4.86019727e-04,8.45569325e+00,5.57911138e-01,-1.51681835e+00,1.74881395e-04,1.59003151e+00,2.13924131e-02
256,2.23000002e+00,7.33213275e-01,7.89142088e-04,1.29338478e+01,8.25986846e-01,-1.50016331e+00,1.78649895e-04,1.65548304e+00,2.32228978e-02
256,2.24000001e+00,7.07420935e-01,1.84970420e-03,2.05634005e+01,3.13036723e+00,-1.48235225e+00,3.06529847e-04,1.79144390e+00,2.77852000e-02
256,2.25000000e+00,6.72109279e-01,1.65971742e-03,3.66880136e+01,2.27855820e+00,-1.46292787e+00,2.96227351e-04,2.02085765e+00,1.95089531e-02
256,2.25999999e+00,5.98213700e-01,2.29014676e-02,1.51579450e+02,6.51427325e+01,-1.44041342e+00,1.30914167e-03,2.28263640e+00,8.37706330e-02
256,2.26999998e+00,4.99263635e-01,1.57476634e-02,2.75802188e+02,5.69375103e+01,-1.41436881e+00,1.02676381e-03,2.54886858e+00,8.06428755e-02
256,2.27999997e+00,3.61637408e-01,3.03144332e-02,2.94311519e+02,3.90935116e+01,-1.38849297e+00,1.48809442e-03,2.21699078e+00,8.78975017e-02
256,2.28999996e+00,2.14016486e-01,1.57526197e-02,3.76831353e+02,4.06314162e+01,-1.36310122e+00,6.24267909e-04,2.06354130e+00,7.68468236e-02
256,2.29999995e+00,1.36452527e-01,1.03290953e-02,2.40326672e+02,2.52149839e+01,-1.34261038e+00,5.20861462e-04,1.80384364e+00,3.07515476e-02
256,2.30999994e+00,1.01349986e-01,4.82113410e-03,1.45221732e+02,1.22828596e+01,-1.32462362e+00,2.50950705e-04,1.66445592e+00,2.45132091e-02
256,2.31999993e+00,8.48036255e-02,4.22734701e-03,1.10253768e+02,1.01805159e+01,-1.30870054e+00,2.04693342e-04,1.53908059e+00,2.08674573e-02
256,2.32999992e+00,7.26728536e-02,1.88128875e-03,8.49923048e+01,5.47790089e+00,-1.29358352e+00,1.57223805e-04,1.48206276e+00,1.40800796e-02
256,2.33999991e+00,6.39127340e-02,1.37563922e-03,6.53301333e+01,2.98281374e+00,-1.27911875e+00,1.93799815e-04,1.40987333e+00,2.42442623e-02
256,2.34999990e+00,5.90104696e-02,1.39635599e-03,5.37814871e+01,2.44036773e+00,-1.26539716e+00,1.03462768e-04,1.34999729e+00,1.68579776e-02
256,2.35999990e+00,5.43406189e-02,1.18335646e-03,4.44441097e+01,1.76769855e+00,-1.25207994e+00,1.02994219e-04,1.27917068e+00,1.05384510e-02
256,2.36999989e+00,5.08446493e-02,1.04770545e-03,3.89692565e+01,1.91318361e+00,-1.23959164e+00,1.20572788e-04,1.25092224e+00,1.76132193e-02
256,2.37999988e+00,4.41597799e-02,8.52537284e-04,3.06628715e+01,1.12679542e+00,-1.22722038e+00,1.80575285e-04,1.20758681e+00,1.33375102e-02
256,2.38999987e+00,4.10655172e-02,5.78254269e-04,2.58018855e+01,9.39015704e-01,-1.21568261e+00,7.82441824e-05,1.16306782e+00,1.07458162e-02
256,2.39999986e+00,3.94483154e-02,4.57772050e-04,2.39956086e+01,8.62080723e-01,-1.20400756e+00,1.02873779e-04,1.13209880e+00,1.42986712e-02
256,2.45000005e+00,2.97402974e-02,3.50597389e-04,1.35685216e+01,3.45692806e-01,-1.15179781e+00,7.58101589e-05,9.45905182e-01,1.08202593e-02
256,2.50000000e+00,2.45643921e-02,2.01455542e-04,9.01521389e+00,2.09798385e-01,-1.10606425e+00,7.70332448e-05,8.67875923e-01,9.44059320e-03
256,2.54999995e+00,2.11620321e-02,1.49314748e-04,6.51749102e+00,1.01591283e-01,-1.06521631e+00,6.94105202e-05,7.70744912e-01,1.12134787e-02
256,2.60000014e+00,1.87632528e-02,9.91114754e-05,5.02371430e+00,5.96835998e-02,-1.02838998e+00,5.93242266e-05,6.98460404e-01,9.37749717e-03
256,2.65000010e+00,1.66494242e-02,1.35085300e-04,4.00334862e+00,5.45625513e-02,-9.94537419e-01,8.01427904e-05,6.45981726e-01,8.61907770e-03
256,2.70000005e+00,1.53419779e-02,1.08692562e-04,3.19778519e+00,4.00988278e-02,-9.63521924e-01,6.43876231e-05,6.00135807e-01,5.98947798e-03
256,2.75000000e+00,1.40409424e-02,8.99692951e-05,2.70133466e+00,3.59586547e-02,-9.34943107e-01,4.71069572e-05,5.56568691e-01,7.08897766e-03
256,2.79999995e+00,1.31858927e-02,7.84972776e-05,2.29101357e+00,3.50492760e-02,-9.08036646e-01,4.84085765e-05,5.20814573e-01,6.90610942e-03
256,2.85000014e+00,1.22272685e-02,7.55970687e-05,1.94910725e+00,2.11914913e-02,-8.83134733e-01,6.93447433e-05,4.80005032e-01,6.77994797e-03
256,2.90000010e+00,1.16589172e-02,5.50533024e-05,1.76757295e+00,2.93989551e-02,-8.59944218e-01,7.60540461e-05,4.43220466e-01,4.20937515e-03
256,2.95000005e+00,1.10008626e-02,5.52677962e-05,1.53005373e+00,1.83208099e-02,-8.37908276e-01,7.82790243e-05,4.25592699e-01,4.67891800e-03
256,3.00000000e+00,1.05975444e-02,4.80146607e-05,1.37636937e+00,1.85054955e-02,-8.17191121e-01,7.69211542e-05,4.04613416e-01,4.69102525e-03
256,3.05000019e+00,1.01647786e-02,7.15175234e-05,1.26157668e+00,1.55819115e-02,-7.97807487e-01,6.78466273e-05,3.83488989e-01,2.31291691e-03
256,3.10000014e+00,9.90709839e-03,6.25474309e-05,1.17648430e+00,1.60073076e-02,-7.79331620e-01,3.43723323e-05,3.55854949e-01,4.71958642e-03
256,3.15000010e+00,9.34822998e-03,6.46025853e-05,1.05201265e+00,1.40456988e-02,-7.61880497e-01,5.95336989e-05,3.34101746e-01,3.80490136e-03
256,3.20000005e+00,9.13471680e-03,4.52242545e-05,9.54423260e-01,1.34174089e-02,-7.45136011e-01,4.43568477e-05,3.27500303e-01,4.18042699e-03
256,3.25000000e+00,8.86401978e-03,5.89190036e-05,8.95301769e-01,1.09570781e-02,-7.29319027e-01,3.93882828e-05,3.09963755e-01,2.94237401e-03
256,3.30000019e+00,8.52792562e-03,5.01792807e-05,8.19984104e-01,1.10749924e-02,-7.14214152e-01,4.49937610e-05,2.98756013e-01,3.97844687e-03
256,3.35000014e+00,8.28590902e-03,5.41923424e-05,7.65789625e-01,1.12837620e-02,-6.99716471e-01,5.48500997e-05,2.84512548e-01,3.64961401e-03
256,3.40000010e+00,8.09056600e-03,5.01043875e-05,7.08467160e-01,1.11305393e-02,-6.86034302e-01,5.93937339e-05,2.69616144e-01,2.35865946e-03
256,3.45000005e+00,7.89875081e-03,5.48724962e-05,6.83967533e-01,8.68146913e-03,-6.72783390e-01,6.77596960e-05,2.54354978e-01,2.87222500e-03
256,3.50000000e+00,7.77407837e-03,3.65884817e-05,6.36630152e-01,7.06057937e-03,-6.60094861e-01,5.30439733e-05,2.42983587e-01,2.22949599e-03
256,3.55000019e+00,7.51409505e-03,4.66715578e-05,5.91057638e-01,6.36190794e-03,-6.48013420e-01,4.38546510e-05,2.38106855e-01,1.93624909e-03
256,3.59999990e+00,7.44061076e-03,4.93455224e-05,5.77832775e-01,6.73849799e-03,-6.36340881e-01,4.59305026e-05,2.28876060e-01,2.43934037e-03
256,3.65000010e+00,7.29541423e-03,6.83694948e-05,5.47091014e-01,6.51919103e-03,-6.25111959e-01,5.71516637e-05,2.19695235e-01,1.99404817e-03
256,3.70000005e+00,7.06015625e-03,2.96850547e-05,5.03934991e-01,6.47102492e-03,-6.14253613e-01,6.28394723e-05,2.12066564e-01,1.99512447e-03
256,3.75000000e+00,6.99763997e-03,4.20530419e-05,4.91355023e-01,5.74391350e-03,-6.03946871e-01,5.87031832e-05,2.05737356e-01,3.32210456e-03
256,3.80000019e+00,6.87821452e-03,4.13712108e-05,4.58896767e-01,7.28236760e-03,-5.93854378e-01,5.21836284e-05,1.99212028e-01,1.66213182e-03
256,3.84999990e+00,6.76039836e-03,3.23576658e-05,4.49703806e-01,7.34924758e-03,-5.84265332e-01,5.63771857e-05,1.90938226e-01,2.48784362e-03
256,3.90000010e+00,6.61714274e-03,4.21921753e-05,4.24596114e-01,7.35810655e-03,-5.75055367e-01,7.19310990e-05,1.82835400e-01,2.38574822e-03
256,3.95000005e+00,6.51670329e-03,4.53524698e-05,4.05139346e-01,6.55394201e-03,-5.66045829e-01,5.10819574e-05,1.77989930e-01,1.53889069e-03
256,4.00000000e+00,6.38624674e-03,3.95690894e-05,3.78523288e-01,6.45503482e-03,-5.57264441e-01,4.75569156e-05,1.71931099e-01,1.37392157e-03
512,1.00000000e+00,9.99275442e-01,5.37771601e-07,1.55618186e-03,1.73469655e-05,-1.99715890e+00,2.06045219e-06,2.31674746e-02,2.40991744e-04
512,1.04999995e+00,9.98921465e-01,7.28700809e-07,2.25473670e-03,2.38598669e-05,-1.99579120e+00,2.72370510e-06,3.14701753e-02,3.69389550e-04
512,1.10000002e+00,9.98447914e-01,8.12721408e-07,3.05247128e-03,2.81202687e-05,-1.99397397e+00,3.11130156e-06,3.98917001e-02,3.54657026e-04
512,1.14999998e+00,9.97822175e-01,1.41245926e-06,4.47703277e-03,4.88785446e-05,-1.99159411e+00,5.12395158e-06,5.47988602e-02,5.68702778e-04
512,1.20000005e+00,9.97026149e-01,1.95219998e-06,6.00545135e-03,5.95219021e-05,-1.98859749e+00,6.96914209e-06,6.85087431e-02,6.57590744e-04
512,1.25000000e+00,9.96017417e-01,1.37826746e-06,7.66414362e-03,8.47605240e-05,-1.98484306e+00,5.37446966e-06,8.16016235e-02,9.06453037e-04
512,1.29999995e+00,9.94770521e-01,1.80264228e-06,1.02240730e-02,1.31768549e-04,-1.98025467e+00,6.45672662e-06,1.01599868e-01,1.39645318e-03
512,1.35000002e+00,9.93242079e-01,2.35925745e-06,1.30822421e-02,1.57598867e-04,-1.97471320e+00,8.64873118e-06,1.21028371e-01,1.54754511e-03
512,1.39999998e+00,9.91388123e-01,2.14567235e-06,1.68871689e-02,1.71170955e-04,-1.96809336e+00,7.64330125e-06,1.45386129e-01,1.53878745e-03
512,1.45000005e+00,9.89154973e-01,2.77205657e-06,2.12921712e-02,2.11707405e-04,-1.96025543e+00,1.02916040e-05,1.67921232e-01,1.75584108e-03
512,1.50000000e+00,9.86500975e-01,3.15441428e-06,2.70055563e-02,3.13280065e-04,-1.95111602e+00,1.07784704e-05,1.97666485e-01,2.68146741e-03
512,1.54999995e+00,9.83343474e-01,3.06268831e-06,3.41115042e-02,3.62230014e-04,-1.94048300e+00,9.82515119e-06,2.26783601e-01,2.37640699e-03
512,1.60000002e+00,9.79625384e-01,3.28932572e-06,4.23372332e-02,3.55998774e-04,-1.92824240e+00,1.03119754e-05,2.59999501e-01,2.51332707e-03
512,1.65000010e+00,9.75252010e-01,5.77516798e-06,5.46672362e-02,6.27871343e-04,-1.91424494e+00,1.59250795e-05,3.01853903e-01,3.72064818e-03
512,1.70000005e+00,9.70073692e-01,6.70758741e-06,6.73976145e-02,8.22086777e-04,-1.89816918e+00,2.00363129e-05,3.32598643e-01,4.01193450e-03
512,1.75000000e+00,9.64006611e-01,6.22564677e-06,8.75743937e-02,6.31415683e-04,-1.87995690e+00,1.89839265e-05,3.85786080e-01,3.03159099e-03
512,1.79999995e+00,9.56862008e-01,7.60195752e-06,1.13786338e-01,9.79819807e-04,-1.85931521e+00,2.30667710e-05,4.42352611e-01,4.82922353e-03
512,1.85000002e+00,9.48391251e-01,9.35239858e-06,1.48913500e-01,1.24215417e-03,-1.83592857e+00,2.65809635e-05,4.95253322e-01,4.64019368e-03
512,1.90000010e+00,9.38306576e-01,1.11961056e-05,1.93698636e-01,2.80080654e-03,-1.80948801e+00,2.38848630e-05,5.49508638e-01,6.95714185e-03
512,1.95000005e+00,9.26158045e-01,1.21242756e-05,2.68038557e-01,2.77098203e-03,-1.77952366e+00,2.54308626e-05,6.29518593e-01,5.42897982e-03
512,2.00000000e+00,9.11307682e-01,1.03232896e-05,3.89023173e-01,3.88878067e-03,-1.74553017e+00,1.94881850e-05,7.31161582e-01,8.72650741e-03
512,2.05000019e+00,8.92782843e-01,2.05549479e-05,5.72682969e-01,6.98137153e-03,-1.70680253e+00,2.91395708e-05,8.21603596e-01,9.07146014e-03
512,2.09999990e+00,8.68759936e-01,3.15787320e-05,9.47322396e-01,6.06818534e-03,-1.66207857e+00,2.65898969e-05,9.59972473e-01,8.92502017e-03
512,2.10999990e+00,8.63072733e-01,2.77721930e-05,1.04180483e+00,1.42899149e-02,-1.65232904e+00,2.70908547e-05,9.74159112e-01,1.01245272e-02
512,2.11999989e+00,8.56932404e-01,3.06869046e-05,1.19852667e+00,1.78752266e-02,-1.64219345e+00,3.20327699e-05,1.03825439e+00,1.19793800e-02
512,2.12999988e+00,8.50393399e-01,3.77220174e-05,1.39262352e+00,2.31844434e-02,-1.63174508e+00,2.91835002e-05,1.08452556e+00,1.18945196e-02
512,2.13999987e+00,8.43354727e-01,4.30895939e-05,1.58715787e+00,2.42600584e-02,-1.62096397e+00,3.46772738e-05,1.10904851e+00,1.55751514e-02
512,2.14999986e+00,8.35759868e-01,5.01412989e-05,1.76056613e+00,2.18333841e-02,-1.60973498e+00,4.56986567e-05,1.09982819e+00,1.34053590e-02
512,2.15999985e+00,8.27569194e-01,5.93195652e-05,2.14281543e+00,4.81269450e-02,-1.59820968e+00,3.36718982e-05,1.20944553e+00,1.50454288e-02
512,2.16999984e+00,8.18453154e-01,8.79462789e-05,2.56332164e+00,4.48438654e-02,-1.58601990e+00,5.61443565e-05,1.23641421e+00,1.34964924e-02
512,2.17999983e+00,8.08446486e-01,6.71693943e-05,3.01236124e+00,6.23418099e-02,-1.57344307e+00,3.68670123e-05,1.27174527e+00,2.00688030e-02
512,2.18999982e+00,7.97289378e-01,1.19882663e-04,3.75801547e+00,8.06038390e-02,-1.56028576e+00,5.11906832e-05,1.32848544e+00,1.33932721e-02
512,2.19999981e+00,7.84661308e-01,1.90065592e-04,4.86670674e+00,1.33273622e-01,-1.54649335e+00,6.60967699e-05,1.40732216e+00,1.54254803e-02
512,2.20999980e+00,7.70201807e-01,2.44998125e-04,6.42849008e+00,2.32311544e-01,-1.53193862e+00,8.76007121e-05,1.47309811e+00,1.89060286e-02
512,2.21999979e+00,7.53926219e-01,3.51702776e-04,8.88921894e+00,3.72860283e-01,-1.51670336e+00,9.27248310e-05,1.58746901e+00,2.19232701e-02
512,2.23000002e+00,7.32519867e-01,4.54822982e-04,1.39600782e+01,5.46357961e-01,-1.50012179e+00,1.33040116e-04,1.70907917e+00,1.99621093e-02
512,2.24000001e+00,7.08204524e-01,4.91212653e-04,1.87495975e+01,9.96608908e-01,-1.48261439e+00,8.60244816e-05,1.83463085e+00,3.16218233e-02
512,2.25000000e+00,6.67515962e-01,4.36263219e-03,6.33824267e+01,2.08965973e+01,-1.46284316e+00,3.59002796e-04,2.03660566e+00,6.94311664e-02
512,2.25999999e+00,6.19697281e-01,3.13405966e-03,7.04589311e+01,6.49578027e+00,-1.44153479e+00,3.04290219e-04,2.17886981e+00,4.78467858e-02
512,2.26999998e+00,5.20383429e-01,1.05769634e-02,3.93677667e+02,1.69627154e+02,-1.41613828e+00,6.50994953e-04,2.46167539e+00,1.47043803e-01
512,2.27999997e+00,2.94677101e-01,2.10721942e-02,1.14014803e+03,1.75703687e+02,-1.38730605e+00,7.22859474e-04,2.33117606e+00,8.47098697e-02
512,2.28999996e+00,1.27765298e-01,9.32659898e-03,7.13631417e+02,8.82319697e+01,-1.36266043e+00,2.65219647e-04,2.03302351e+00,6.00716861e-02
512,2.29999995e+00,6.74385803e-02,4.29657622e-03,2.34338987e+02,3.58199459e+01,-1.34290232e+00,1.66455565e-04,1.79407701e+00,2.60888430e-02
512,2.30999994e+00,5.38882746e-02,2.59836440e-03,1.73739500e+02,1.51756816e+01,-1.32522084e+00,1.31420239e-04,1.69638611e+00,3.07552485e-02
512,2.31999993e+00,4.60636470e-02,1.92885957e-03,1.14877867e+02,8.32460532e+00,-1.30907047e+00,1.18632101e-04,1.55918691e+00,2.06628109e-02
512,2.32999992e+00,3.58280207e-02,1.19124137e-03,7.91178019e+01,6.24714907e+00,-1.29376600e+00,1.07529430e-04,1.47841410e+00,1.77875048e-02
512,2.33999991e+00,3.16920705e-02,8.61548988e-04,5.89671889e+01,2.93045558e+00,-1.27910501e+00,6.01629049e-05,1.41482535e+00,1.74887549e-02
512,2.34999990e+00,2.94833852e-02,7.40206855e-04,5.21524836e+01,2.59123177e+00,-1.26537338e+00,9.70172717e-05,1.34914000e+00,1.19347568e-02
512,2.35999990e+00,2.60047836e-02,1.02733986e-03,4.22966927e+01,2.70052311e+00,-1.25217897e+00,8.00029916e-05,1.29443485e+00,1.25702264e-02
512,2.36999989e+00,2.46120204e-02,5.04612881e-04,3.80122992e+01,1.51511251e+00,-1.23943745e+00,8.27305542e-05,1.26731766e+00,1.70955619e-02
512,2.37999988e+00,2.21465434e-02,3.70142431e-04,2.98729343e+01,1.03850184e+00,-1.22718503e+00,5.81740124e-05,1.16299735e+00,1.34644028e-02
512,2.38999987e+00,2.08035868e-02,2.62391523e-04,2.68342720e+01,6.88729556e-01,-1.21548180e+00,5.01751887e-05,1.16921259e+00,1.59639528e-02
512,2.39999986e+00,1.98826182e-02,3.67609419e-04,2.28349455e+01,8.16273977e-01,-1.20399042e+00,3.87713301e-05,1.09761706e+00,1.22788176e-02
512,2.45000005e+00,1.49432902e-02,1.82972767e-04,1.36235048e+01,3.32013406e-01,-1.15176009e+00,5.27074494e-05,9.80325194e-01,6.78529186e-03
512,2.50000000e+00,1.22598979e-02,1.48463466e-04,8.73391330e+00,1.79288279e-01,-1.10611926e+00,4.00437159e-05,8.57113278e-01,6.18873106e-03
512,2.54999995e+00,1.06456640e-02,7.48043614e-05,6.61872362e+00,1.31064458e-01,-1.06523192e+00,3.95053149e-05,7.70441973e-01,8.17213550e-03
512,2.60000014e+00,9.31018473e-03,6.56187058e-05,5.02801852e+00,8.63194153e-02,-1.02832100e+00,3.39521014e-05,7.10021382e-01,7.43673947e-03
512,2.65000010e+00,8.35754496e-03,4.87603756e-05,3.91824368e+00,3.60660506e-02,-9.94516517e-01,2.37669812e-05,6.42590862e-01,7.23635094e-03
512,2.70000005e+00,7.63070831e-03,5.68977735e-05,3.20104473e+00,3.92913926e-02,-9.63552045e-01,3.06566400e-05,6.03052736e-01,6.69559123e-03
512,2.75000000e+00,7.06031596e-03,3.55285937e-05,2.67056128e+00,3.43695735e-02,-9.34850829e-01,2.02784895e-05,5.50907250e-01,5.44696363e-03
512,2.79999995e+00,6.59691264e-03,3.68394293e-05,2.30481932e+00,2.84607349e-02,-9.08062151e-01,3.51310330e-05,5.12691533e-01,7.34276282e-03
512,2.85000014e+00,6.19496613e-03,3.59251255e-05,1.99817878e+00,1.76927565e-02,-8.83208403e-01,3.44435326e-05,4.78284542e-01,5.76701803e-03
512,2.90000010e+00,5.81868642e-03,4.06179177e-05,1.75252090e+00,2.54438438e-02,-8.59885359e-01,4.13627164e-05,4.58535595e-01,4.84556799e-03
512,2.95000005e+00,5.54003754e-03,3.23150170e-05,1.57369460e+00,2.54693338e-02,-8.37968444e-01,3.83330133e-05,4.20085457e-01,7.59556926e-03
512,3.00000000e+00,5.31301168e-03,3.49063605e-05,1.38244315e+00,1.82204561e-02,-8.17320891e-01,2.87145189e-05,4.12242265e-01,5.36732906e-03
512,3.05000019e+00,5.07912699e-03,3.00887932e-05,1.25400945e+00,1.37236335e-02,-7.97838057e-01,2.96489396e-05,3.78434846e-01,3.43088933e-03
512,3.10000014e+00,4.86981659e-03,2.81181384e-05,1.14287874e+00,1.61858132e-02,-7.79293507e-01,2.14459059e-05,3.69089982e-01,2.68145781e-03
512,3.15000010e+00,4.69771372e-03,2.62787462e-05,1.04295954e+00,1.44724203e-02,-7.61767157e-01,2.45275114e-05,3.41170811e-01,3.39326424e-03
512,3.20000005e+00,4.55453847e-03,2.57876562e-05,9.72249631e-01,1.30467443e-02,-7.45145903e-01,2.59320219e-05,3.21713935e-01,3.25550450e-03
512,3.25000000e+00,4.37802327e-03,3.24223425e-05,8.94238467e-01,1.19835554e-02,-7.29259760e-01,3.23427642e-05,3.07733307e-01,2.84360648e-03
512,3.30000019e+00,4.22177887e-03,2.60867776e-05,8.24356632e-01,9.67096716e-03,-7.14214328e-01,2.85187181e-05,2.95705750e-01,3.21738067e-03
512,3.35000014e+00,4.17557983e-03,2.27344705e-05,7.82631747e-01,1.12773667e-02,-6.99726960e-01,2.94748146e-05,2.83908141e-01,2.57435693e-03
512,3.40000010e+00,4.07971090e-03,2.17289960e-05,7.35897557e-01,8.49739073e-03,-6.85988038e-01,2.39673105e-05,2.68763116e-01,3.20563029e-03
512,3.45000005e+00,3.96929474e-03,2.19960243e-05,6.78741218e-01,6.85363205e-03,-6.72780306e-01,3.82501849e-05,2.59766754e-01,2.69535158e-03
512,3.50000000e+00,3.87667084e-03,2.53479664e-05,6.39205211e-01,9.45801218e-03,-6.60107853e-01,3.69300374e-05,2.43297369e-01,2.57131557e-03
512,3.55000019e+00,3.76110179e-03,1.48155730e-05,5.99029770e-01,8.54839379e-03,-6.47994427e-01,2.65147471e-05,2.38687842e-01,2.68527369e-03
512,3.59999990e+00,3.72065582e-03,2.26400653e-05,5.70693296e-01,8.30860279e-03,-6.36353763e-01,2.98618732e-05,2.25446930e-01,1.44383377e-03
512,3.65000010e+00,3.60869141e-03,1.81932736e-05,5.32229455e-01,8.07076408e-03,-6.25122601e-01,2.81860505e-05,2.20601619e-01,1.64966017e-03
512,3.70000005e+00,3.54426575e-03,1.85225106e-05,5.13254392e-01,5.15788204e-03,-6.14346115e-01,2.55839947e-05,2.14820475e-01,2.55885303e-03
512,3.75000000e+00,3.50913900e-03,2.28978720e-05,4.94025956e-01,7.43846560e-03,-6.03979283e-01,2.06777160e-05,2.04151050e-01,3.15117175e-03
512,3.80000019e+00,3.39569702e-03,2.38476340e-05,4.56041416e-01,7.30258048e-03,-5.93952294e-01,2.10959238e-05,2.01198209e-01,2.58550608e-03
512,3.84999990e+00,3.41345266e-03,1.92083248e-05,4.49614790e-01,7.33810582e-03,-5.84271600e-01,2.20533803e-05,1.91639170e-01,2.52774564e-03
512,3.90000010e+00,3.30403188e-03,1.94692254e-05,4.21412752e-01,6.82073392e-03,-5.74975027e-01,2.56816847e-05,1.82908244e-01,1.77242953e-03
512,3.95000005e+00,3.25483805e-03,1.99552093e-05,3.98705070e-01,5.67419056e-03,-5.65936809e-01,1.66853322e-05,1.78955998e-01,1.88529846e-03
512,4.00000000e+00,3.22428233e-03,1.66152868e-05,3.86011866e-01,4.51427755e-03,-5.57305204e-01,2.80798307e-05,1.74936331e-01,1.69225201e-03
1024,1.00000000e+00,9.99275327e-01,3.78432780e-07,1.56561946e-03,1.79855417e-05,-1.99715847e+00,1.43083223e-06,2.33988976e-02,2.61918484e-04
1024,1.04999995e+00,9.98922352e-01,3.05091951e-07,2.23741994e-03,1.55521585e-05,-1.99579394e+00,1.21371460e-06,3.12395084e-02,2.07927708e-04
1024,1.10000002e+00,9.98447377e-01,3.45747616e-07,3.12189499e-03,3.58961221e-05,-1.99397197e+00,1.30384167e-06,4.06993118e-02,4.52168737e-04
1024,1.14999998e+00,9.97823668e-01,2.55675442e-07,4.37664213e-03,5.39882187e-05,-1.99160032e+00,8.73857082e-07,5.34958875e-02,6.68442224e-04
1024,1.20000005e+00,9.97027013e-01,5.74851444e-07,5.90306587e-03,5.94983265e-05,-1.98860130e+00,2.16171976e-06,6.77919251e-02,6.69019176e-04
1024,1.25000000e+00,9.96019678e-01,7.39574119e-07,7.74306766e-03,9.72624850e-05,-1.98485052e+00,2.82757926e-06,8.26381959e-02,1.00446591e-03
1024,1.29999995e+00,9.94771694e-01,7.34054251e-07,1.00862259e-02,1.34771216e-04,-1.98026023e+00,2.61604304e-06,1.00330136e-01,1.47470364e-03
1024,1.35000002e+00,9.93240876e-01,1.30862684e-06,1.29878790e-02,1.16465204e-04,-1.97470957e+00,4.46608459e-06,1.19312869e-01,1.10551756e-03
1024,1.39999998e+00,9.91386202e-01,1.17033104e-06,1.69300651e-02,1.44466914e-04,-1.96808658e+00,3.78595860e-06,1.44857001e-01,1.17785830e-03
1024,1.45000005e+00,9.89156346e-01,1.32943358e-06,2.12403255e-02,2.53548540e-04,-1.96026236e+00,5.08675679e-06,1.68412188e-01,1.66479297e-03
1024,1.50000000e+00,9.86500489e-01,1.24591590e-06,2.70551487e-02,4.02901272e-04,-1.95111830e+00,4.16190970e-06,1.96872626e-01,2.84960549e-03
1024,1.54999995e+00,9.83346728e-01,9.60629989e-07,3.44581917e-02,3.57265765e-04,-1.94049448e+00,2.95694011e-06,2.28649602e-01,2.46690604e-03
1024,1.60000002e+00,9.79621109e-01,2.51621892e-06,4.28226348e-02,6.32780801e-04,-1.92824142e+00,7.23602392e-06,2.60530982e-01,4.27261510e-03
1024,1.65000010e+00,9.75238624e-01,2.35915863e-06,5.46296207e-02,6.17113558e-04,-1.91420402e+00,7.06704124e-06,3.00459200e-01,3.17577623e-03
1024,1.70000005e+00,9.70080612e-01,3.00405833e-06,6.95461804e-02,7.58831368e-04,-1.89817902e+00,8.87871157e-06,3.44430239e-01,3.80973297e-03
1024,1.75000000e+00,9.64011401e-01,2.79609215e-06,8.76657076e-02,1.10210243e-03,-1.87995610e+00,7.68330999e-06,3.88579624e-01,4.53798911e-03
1024,1.79999995e+00,9.56851404e-01,3.67068363e-06,1.14734295e-01,1.27720320e-03,-1.85928505e+00,9.36454067e-06,4.42946156e-01,5.27400834e-03
1024,1.85000002e+00,9.48395517e-01,4.43021321e-06,1.48199787e-01,2.20472343e-03,-1.83593658e+00,9.65132156e-06,4.95077832e-01,8.03172542e-03
1024,1.90000010e+00,9.38296071e-01,4.12087385e-06,2.01028989e-01,3.00748129e-03,-1.80947212e+00,9.54971853e-06,5.72798952e-01,8.53226915e-03
1024,1.95000005e+00,9.26156937e-01,4.81418830e-06,2.71076695e-01,3.32793038e-03,-1.77953860e+00,1.16560041e-05,6.35289196e-01,7.53108760e-03
1024,2.00000000e+00,9.11309807e-01,4.90509470e-06,3.83931942e-01,6.16723052e-03,-1.74555125e+00,7.71894150e-06,7.16630548e-01,9.26024158e-03
1024,2.05000019e+00,8.92762224e-01,1.03562759e-05,5.72744718e-01,4.75316243e-03,-1.70676438e+00,1.58024033e-05,8.12837028e-01,8.27088979e-03
1024,2.09999990e+00,8.68753388e-01,1.31667583e-05,9.41462543e-01,1.26901265e-02,-1.66209485e+00,1.06552979e-05,9.50032351e-01,1.36322893e-02
1024,2.10999990e+00,8.63065134e-01,1.46144159e-05,1.07521644e+00,1.43800247e-02,-1.65233907e+00,1.77240803e-05,9.83855858e-01,9.37822738e-03
1024,2.11999989e+00,8.56955734e-01,1.85093109e-05,1.19092480e+00,1.25647442e-02,-1.64220531e+00,1.83262394e-05,1.02922273e+00,1.07106100e-02
1024,2.12999988e+00,8.50413316e-01,1.70121981e-05,1.37756629e+00,1.27255272e-02,-1.63177278e+00,1.52148372e-05,1.06690589e+00,1.07600734e-02
1024,2.13999987e+00,8.43344960e-01,2.16965224e-05,1.57900764e+00,2.32924057e-02,-1.62095182e+00,1.81111911e-05,1.09056122e+00,1.44645042e-02
1024,2.14999986e+00,8.35730136e-01,2.40438099e-05,1.84988453e+00,2.11928116e-02,-1.60974166e+00,1.84176448e-05,1.16976143e+00,1.54425874e-02
1024,2.15999985e+00,8.27504502e-01,2.97062211e-05,2.10330097e+00,2.50412567e-02,-1.59812296e+00,1.69602684e-05,1.18455367e+00,1.42245411e-02
1024,2.16999984e+00,8.18442700e-01,2.47786351e-05,2.58565645e+00,5.22317525e-02,-1.58605057e+00,1.81940693e-05,1.24948954e+00,1.38376431e-02
1024,2.17999983e+00,8.08396374e-01,4.63490210e-05,3.09253475e+00,5.11597242e-02,-1.57342942e+00,2.24953739e-05,1.27319099e+00,1.44800898e-02
1024,2.18999982e+00,7.97393051e-01,6.99578645e-05,3.75690906e+00,5.81280758e-02,-1.56034249e+00,3.13364818e-05,1.31757330e+00,1.90156480e-02
1024,2.19999981e+00,7.84794586e-01,5.04145022e-05,4.73900108e+00,8.99852622e-02,-1.54651518e+00,2.17627325e-05,1.39994437e+00,1.88546857e-02
1024,2.20999980e+00,7.70651362e-01,9.13531234e-05,5.96236382e+00,1.02208099e-01,-1.53204214e+00,3.23454194e-05,1.46802876e+00,1.59252346e-02
1024,2.21999979e+00,7.53578474e-01,1.01860514e-04,8.87750707e+00,3.73756743e-01,-1.51662677e+00,2.95507833e-05,1.58692661e+00,2.01435253e-02
1024,2.23000002e+00,7.33086614e-01,3.06952931e-04,1.27473141e+01,5.40507735e-01,-1.50023887e+00,5.99152477e-05,1.63608912e+00,2.00854765e-02
1024,2.24000001e+00,7.07922459e-01,2.98314963e-04,2.06200423e+01,9.56344508e-01,-1.48258315e+00,5.87318633e-05,1.85619195e+00,3.28518229e-02
1024,2.25000000e+00,6.72222960e-01,8.40663463e-04,3.67896084e+01,2.09170342e+00,-1.46316518e+00,1.20538284e-04,1.95570472e+00,4.22272274e-02
1024,2.25999999e+00,6.18176354e-01,1.68330922e-03,1.08516451e+02,1.22018033e+01,-1.44132383e+00,1.56382310e-04,2.33641230e+00,6.95841984e-02
1024,2.26999998e+00,5.03512519e-01,6.43694815e-03,4.54971574e+02,9.92348399e+01,-1.41487455e+00,3.74366426e-04,2.70825491e+00,1.48610470e-01
1024,2.27999997e+00,2.88516393e-01,1.25618121e-02,2.78048464e+03,3.90349798e+02,-1.38644492e+00,3.64112176e-04,3.09548631e+00,1.66511381e-01
1024,2.28999996e+00,1.09810256e-01,7.22690805e-03,2.58757825e+03,2.05054954e+02,-1.36265743e+00,1.65231921e-04,2.14599552e+00,8.14324831e-02
1024,2.29999995e+00,4.39526512e-02,3.44162067e-03,4.93578076e+02,5.50866345e+01,-1.34307199e+00,8.01635361e-05,1.80160899e+00,3.29719730e-02
1024,2.30999994e+00,2.68543868e-02,1.74801999e-03,1.77469673e+02,1.87792493e+01,-1.32517867e+00,5.99162875e-05,1.68826213e+00,3.18253624e-02
1024,2.31999993e+00,2.11294449e-02,1.01242842e-03,9.87093630e+01,8.05380957e+00,-1.30912116e+00,6.31971283e-05,1.54951309e+00,2.74475317e-02
1024,2.32999992e+00,1.79583553e-02,5.84418760e-04,8.41124726e+01,5.32768156e+00,-1.29372559e+00,3.94459228e-05,1.49911997e+00,2.33058712e-02
1024,2.33999991e+00,1.60023556e-02,4.53273992e-04,6.65892660e+01,4.59132036e+00,-1.27926795e+00,2.77323450e-05,1.39875756e+00,1.53976332e-02
1024,2.34999990e+00,1.51701485e-02,3.24439283e-04,5.58995325e+01,2.74783303e+00,-1.26541680e+00,3.68882379e-05,1.34643318e+00,1.59241299e-02
1024,2.35999990e+00,1.38401407e-02,2.61717875e-04,4.35042718e+01,1.22807350e+00,-1.25211953e+00,2.41944925e-05,1.28061166e+00,1.12907067e-02
1024,2.36999989e+00,1.27584105e-02,3.03208232e-04,3.88196457e+01,1.56947715e+00,-1.23943716e+00,3.79932900e-05,1.29083256e+00,1.85483149e-02
1024,2.37999988e+00,1.11653969e-02,2.58537396e-04,3.12368313e+01,1.38016131e+00,-1.22717659e+00,3.07412053e-05,1.20917759e+00,1.01863485e-02
1024,2.38999987e+00,1.06036584e-02,2.35067013e-04,2.80123659e+01,1.17582648e+00,-1.21532616e+00,2.61995508e-05,1.16137717e+00,1.06866681e-02
1024,2.39999986e+00,9.83196259e-03,6.95113018e-05,2.36169127e+01,5.81389511e-01,-1.20390112e+00,3.05896093e-05,1.13874404e+00,1.62019026e-02
1024,2.45000005e+00,7.52692108e-03,9.53777922e-05,1.34827354e+01,3.06163403e-01,-1.15181408e+00,1.55254335e-05,9.63468957e-01,9.14335990e-03
1024,2.50000000e+00,6.14594002e-03,3.09670436e-05,8.97010488e+00,1.30734084e-01,-1.10608118e+00,1.87338996e-05,8.60022893e-01,8.89708333e-03
1024,2.54999995e+00,5.27324626e-03,3.22906654e-05,6.49930398e+00,1.08281075e-01,-1.06524191e+00,1.30358943e-05,7.72131459e-01,9.02774134e-03
1024,2.60000014e+00,4.62540538e-03,3.68443481e-05,4.86563307e+00,1.01558523e-01,-1.02828491e+00,1.81659774e-05,6.97038729e-01,8.46114110e-03
1024,2.65000010e+00,4.19650014e-03,3.76385823e-05,3.98143821e+00,6.88933760e-02,-9.94551909e-01,1.47655621e-05,6.51415533e-01,4.53930803e-03
1024,2.70000005e+00,3.81208153e-03,2.28469206e-05,3.18490422e+00,3.35623183e-02,-9.63520372e-01,1.65729723e-05,6.00732479e-01,6.09286284e-03
1024,2.75000000e+00,3.54934095e-03,2.08504895e-05,2.69433025e+00,3.51967843e-02,-9.34829921e-01,1.42627532e-05,5.46277226e-01,7.53347027e-03
1024,2.79999995e+00,3.27253990e-03,1.89969815e-05,2.31073903e+00,3.48737518e-02,-9.08086099e-01,2.04539641e-05,5.20176832e-01,5.57049096e-03
1024,2.85000014e+00,3.08000704e-03,1.65155645e-05,1.95358897e+00,2.75300356e-02,-8.83226422e-01,1.22670510e-05,4.80195995e-01,5.86450822e-03
1024,2.90000010e+00,2.94768079e-03,2.18151515e-05,1.78600792e+00,3.02937035e-02,-8.59911592e-01,1.52346407e-05,4.61524881e-01,4.45921442e-03
1024,2.95000005e+00,2.77965609e-03,1.29780623e-05,1.56410603e+00,1.71973397e-02,-8.37972927e-01,1.57421474e-05,4.24151973e-01,4.17459577e-03
1024,3.00000000e+00,2.67493744e-03,1.55848865e-05,1.45491093e+00,1.53564788e-02,-8.17296200e-01,1.45914633e-05,4.02774946e-01,4.53074035e-03
1024,3.05000019e+00,2.54279531e-03,1.90601673e-05,1.27003030e+00,1.64014665e-02,-7.97792662e-01,9.87056637e-06,3.82864108e-01,4.03224103e-03
1024,3.10000014e+00,2.46192334e-03,1.16509774e-05,1.15802830e+00,1.91035494e-02,-7.79317356e-01,1.47655761e-05,3.57877134e-01,4.27683974e-03
1024,3.15000010e+00,2.34170736e-03,1.66445397e-05,1.04810001e+00,1.44071658e-02,-7.61796869e-01,1.29696275e-05,3.39930900e-01,3.65086686e-03
1024,3.20000005e+00,2.26847928e-03,1.49175096e-05,9.56199580e-01,1.16530668e-02,-7.45155017e-01,1.74917776e-05,3.28075297e-01,4.39061500e-03
1024,3.25000000e+00,2.21819700e-03,1.29327926e-05,9.10853576e-01,1.30554636e-02,-7.29306429e-01,1.58638777e-05,3.09215804e-01,4.70502582e-03
1024,3.30000019e+00,2.12712275e-03,1.63365174e-05,8.20572513e-01,1.36971296e-02,-7.14198512e-01,1.12382624e-05,2.99963137e-01,3.31045220e-03
1024,3.35000014e+00,2.09130618e-03,1.09076263e-05,7.74633804e-01,1.12477982e-02,-6.99747065e-01,1.36930882e-05,2.85981453e-01,2.72648678e-03
1024,3.40000010e+00,2.00768369e-03,1.19436959e-05,7.06798942e-01,1.15022602e-02,-6.85990940e-01,1.18817073e-05,2.67418270e-01,3.25719270e-03
1024,3.45000005e+00,1.97335561e-03,8.96528001e-06,6.66980002e-01,8.65236754e-03,-6.72802518e-01,1.37221711e-05,2.54527185e-01,1.90351656e-03
1024,3.50000000e+00,1.94452108e-03,1.02773868e-05,6.38303586e-01,5.88098223e-03,-6.60135288e-01,1.07132250e-05,2.46312352e-01,2.16848534e-03
1024,3.55000019e+00,1.88648046e-03,1.01755655e-05,5.99193844e-01,6.23103644e-03,-6.47981824e-01,1.59861880e-05,2.38385600e-01,1.86273704e-03
1024,3.59999990e+00,1.86098162e-03,8.83419471e-06,5.77539635e-01,6.68170655e-03,-6.36342394e-01,9.19100534e-06,2.27532472e-01,2.83520206e-03
1024,3.65000010e+00,1.82614721e-03,1.10718751e-05,5.35894080e-01,6.18893080e-03,-6.25103375e-01,2.00125281e-05,2.16179443e-01,2.63983177e-03
1024,3.70000005e+00,1.78807182e-03,9.39104799e-06,5.07087959e-01,5.84897949e-03,-6.14341128e-01,1.16168974e-05,2.08247654e-01,2.31788175e-03
1024,3.75000000e+00,1.72899183e-03,9.66788312e-06,4.73585091e-01,7.62342797e-03,-6.03956156e-01,1.29900322e-05,2.03465137e-01,1.92898929e-03
1024,3.80000019e+00,1.72181689e-03,1.20392329e-05,4.62330874e-01,7.90841124e-03,-5.93927600e-01,1.51895806e-05,1.96359985e-01,1.76700391e-03
1024,3.84999990e+00,1.66881472e-03,1.02799332e-05,4.36996447e-01,7.00825224e-03,-5.84305613e-01,1.06365144e-05,1.88392936e-01,1.37840880e-03
1024,3.90000010e+00,1.65290616e-03,8.21819817e-06,4.21590071e-01,3.88209703e-03,-5.74993463e-01,1.38826997e-05,1.82236160e-01,2.66193513e-03
1024,3.95000005e+00,1.61865463e-03,7.46830093e-06,3.97976434e-01,4.71843921e-03,-5.65969732e-01,9.43174037e-06,1.81336499e-01,1.57622028e-03
1024,4.00000000e+00,1.62771098e-03,8.50007134e-06,3.94682297e-01,4.52904356e-03,-5.57275197e-01,1.14232963e-05,1.73400475e-01,1.88487904e-03
